Workbook

Sheet Sheet1
A3: Row Labels | B3: Average of Price
A4: After renovation | B4: 433.88889
A5: Airbnb turnover | B5: 100.35
A6: Carpet clean | B6: 205.30769
A7: Deep clean | B7: 295
A8: End of tenancy | B8: 280.33333
A9: Office clean | B9: 125.93333
A10: Grand Total | B10: 236.43333

Sheet Sheet2
A3: Row Labels | B3: Average of Price
A4: New | B4: 209.57143
A5: Recurring | B5: 268.53659
A6: Grand Total | B6: 236.43333

Sheet Order Analysis
A1: Findings - data analysis, Jan-Aug 2026
A3: # | B3: Findings | C3: Evidence | D3: So What
A4: 1 | B4: Revenue is split almost evenly between recurring and new clients | C4: Recurring €11,010 (52%), new €10,269 (48%), 90 orders in total | D4: Losing one recurring client costs as much as losing several new ones
A5: 2 | B5: Recurring clients bring more revenue from fewer jobs | C5: Recurring: 41 orders, average €269. New: 49 orders, average €210 — 28% lower | D5: Converting a new client into a recurring one raises the average order value and removes the quoting steps from every job
B12: Synthetic data. Structure based on a real order sheet; all clients and figures are invented. Real data is confidential and not shown.

Sheet orders
A1: Date | B1: Order ID | C1: Client | D1: Service | E1: City | F1: Price | G1: Done by | H1: Paid | I1: Client Type
A2: 46024 | B2: W-1052 | C2: Harbour Offices | D2: After renovation | E2: Tralee | F2: 522 | G2: Own cleaners | H2: Yes | I2: =_xlfn.XLOOKUP(C2, clients!$A$2:$A$9, clients!$B$2:$B$9) -> Recurring
A3: 46030 | B3: W-1055 | C3: Meadow Court | D3: After renovation | E3: Tralee | F3: 516 | G3: Subcontractor | H3: Yes | I3: =_xlfn.XLOOKUP(C3, clients!$A$2:$A$9, clients!$B$2:$B$9) -> New
A4: 46033 | B4: W-1066 | C4: Fern House | D4: Deep clean | E4: Cork | F4: 426 | G4: Subcontractor | H4: Yes | I4: =_xlfn.XLOOKUP(C4, clients!$A$2:$A$9, clients!$B$2:$B$9) -> New
A5: 46033 | B5: W-1088 | C5: Castle View | D5: After renovation | E5: Dublin | F5: 388 | G5: Subcontractor | H5: Yes | I5: =_xlfn.XLOOKUP(C5, clients!$A$2:$A$9, clients!$B$2:$B$9) -> New
A6: 46037 | B6: W-1001 | C6: Riverside B&B | D6: After renovation | E6: Limerick | F6: 568 | G6: Own cleaners | H6: Yes | I6: =_xlfn.XLOOKUP(C6, clients!$A$2:$A$9, clients!$B$2:$B$9) -> Recurring
A7: 46037 | B7: W-1054 | C7: Oak Lodge | D7: After renovation | E7: Tralee | F7: 337 | G7: Own cleaners | H7: Yes | I7: =_xlfn.XLOOKUP(C7, clients!$A$2:$A$9, clients!$B$2:$B$9) -> Recurring
A8: 46038 | B8: W-1007 | C8: Oak Lodge | D8: After renovation | E8: Tralee | F8: 467 | G8: Own cleaners | H8: Yes | I8: =_xlfn.XLOOKUP(C8, clients!$A$2:$A$9, clients!$B$2:$B$9) -> Recurring
A9: 46038 | B9: W-1053 | C9: Oak Lodge | D9: After renovation | E9: Tralee | F9: 364 | G9: Own cleaners | H9: Yes | I9: =_xlfn.XLOOKUP(C9, clients!$A$2:$A$9, clients!$B$2:$B$9) -> Recurring
A10: 46041 | B10: W-1059 | C10: Lakeside Cottage | D10: Office clean | E10: Killarney | F10: 105 | G10: Own cleaners | H10: Yes | I10: =_xlfn.XLOOKUP(C10, clients!$A$2:$A$9, clients!$B$2:$B$9) -> New
A11: 46043 | B11: W-1039 | C11: Riverside B&B | D11: Deep clean | E11: Limerick | F11: 255 | G11: Own cleaners | H11: Yes | I11: =_xlfn.XLOOKUP(C11, clients!$A$2:$A$9, clients!$B$2:$B$9) -> Recurring
A12: 46044 | B12: W-1041 | C12: Riverside B&B | D12: Carpet clean | E12: Limerick | F12: 237 | G12: Own cleaners | H12: Yes | I12: =_xlfn.XLOOKUP(C12, clients!$A$2:$A$9, clients!$B$2:$B$9) -> Recurring
A13: 46055 | B13: W-1044 | C13: Harbour Offices | D13: End of tenancy | E13: Tralee | F13: 186 | G13: Own cleaners | H13: Yes | I13: =_xlfn.XLOOKUP(C13, clients!$A$2:$A$9, clients!$B$2:$B$9) -> Recurring
... A91: 46263 | B91: W-1070 | C91: Oak Lodge | D91: Deep clean | E91: Tralee | F91: 204 | G91: Own cleaners | H91: Yes | I91: =_xlfn.XLOOKUP(C91, clients!$A$2:$A$9, clients!$B$2:$B$9) -> Recurring

Sheet clients
A1: Client | B1: Client type | C1: City
A2: Seaview Apartments | B2: Recurring | C2: Killarney
A3: Oak Lodge | B3: Recurring | C3: Tralee
A4: Harbour Offices | B4: Recurring | C4: Tralee
A5: Lakeside Cottage | B5: New | C5: Killarney
A6: Fern House | B6: New | C6: Cork
A7: Riverside B&B | B7: Recurring | C7: Limerick
A8: Castle View | B8: New | C8: Dublin
A9: Meadow Court | B9: New | C9: Tralee
